file_name,width,height
KOTHRUD_APRIL2024_geo.tif,8192,4320
KOTHRUD_FEB2024_geo.tif,8192,4320
KOTHRUD_OCT2023_geo.tif,8192,4320
KOTHRUD_MAY2023_geo.tif,8192,4320
KOTHRUD_NOV2022_geo.tif,8192,4320
KOTHRUD_OCT2022_geo.tif,8192,4320
KOTHRUD_MAY2022_geo.tif,8192,4320
KOTHRUD_APRIL2022_geo.tif,8192,4320
KOTHRUD_FEB2022_geo.tif,8192,4320
KOTHRUD_JAN2022_geo.tif,8192,4320
KOTHRUD_DEC2021_geo.tif,8192,4320
KOTHRUD_OCT2021_geo.tif,8192,4320
KOTHRUD_MAY2021_geo.tif,8192,4320
KOTHRUD_JAN2021_geo.tif,8192,4320
KOTHRUD_DEC2020_geo.tif,8192,4320
KOTHRUD_NOV2020_geo.tif,8192,4320
KOTHRUD_OCT2020_geo.tif,8192,4320
KOTHRUD_MAY2020_geo.tif,8192,4320
KOTHRUD_FEB2020_geo.tif,8192,4320
KOTHRUD_DEC2019_geo.tif,8192,4320
KOTHRUD_NOV2019_geo.tif,8192,4320
KOTHRUD_MAY2019_geo.tif,8192,4320
KOTHRUD_APRIL2019_geo.tif,8192,4320
KOTHRUD_MARCH2019_geo.tif,8192,4320
KOTHRUD_FEB2019_geo.tif,8192,4320
KOTHRUD_JAN2019_geo.tif,8192,4320
KOTHRUD_DEC2018_geo.tif,8192,4320
KOTHRUD_NOV2018_geo.tif,8192,4320
KOTHRUD_OCT2018_geo.tif,8192,4320
KOTHRUD_APRIL2018_geo.tif,8192,4320
KOTHRUD_FEB2018_geo.tif,8192,4320
KOTHRUD_JAN2018_geo.tif,8192,4320
KOTHRUD_NOV2017_geo.tif,8192,4320
KOTHRUD_DEC2017_geo.tif,8192,4320
KOTHRUD_FEB2017_geo.tif,8192,4320
KOTHRUD_DEC2016_geo.tif,8192,4320
KOTHRUD_NOV2016_geo.tif,8192,4320
KOTHRUD_OCT2016_geo.tif,8192,4320
KOTHRUD_JAN2016_geo.tif,8192,4320
KOTHRUD_DEC2015_geo.tif,8192,4320
KOTHRUD_OCT2015_geo.tif,8192,4320
KOTHRUD_APRIL2015_geo.tif,8192,4320
KOTHRUD_JAN2015_geo.tif,8192,4320
KOTHRUD_NOV2014_geo.tif,8192,4320
KOTHRUD_MAY2014_geo.tif,8192,4320
KOTHRUD_FEB2014_geo.tif,8192,4320
KOTHRUD_JAN2014_geo.tif,8192,4320
BANER_APRIL2024_geo.tif,8192,4320
BANER_NOV2023_geo.tif,8192,4320
BANER_OCT2023_geo.tif,8192,4320
BANER_MAY2023_geo.tif,8192,4320
BANER_NOV2021_geo.tif,8192,4320
BANER_DEC2021_geo.tif,8192,4320
BANER_OCT2021_geo.tif,8192,4320
BANER_DEC2020_geo.tif,8192,4320
BANER_OCT2020_geo.tif,8192,4320
BANER_MAY2020_geo.tif,8192,4320
BANER_APRIL2020_geo.tif,8192,4320
BANER_JAN2020_geo.tif,8192,4320
BANER_NOV2019_geo.tif,8192,4320
BANER_MAY2019_geo.tif,8192,4320
BANER_MARCH2019_geo.tif,8192,4320
BANER_FEB2019_geo.tif,8192,4320
BANER_JAN2019_geo.tif,8192,4320
BANER_DEC2018_geo.tif,8192,4320
BANER_NOV2018_geo.tif,8192,4320
BANER_OCT2018_geo.tif,8192,4320
BANER_APRIL2018_geo.tif,8192,4320
BANER_FEB2018_geo.tif,8192,4320
BANER_NOV2017_geo.tif,8192,4320
BANER_OCT2017_geo.tif,8192,4320
BANER_SEPT2017_geo.tif,8192,4320
BANER_FEB2017_geo.tif,8192,4320
BANER_JAN2017_geo.tif,8192,4320
BANER_DEC2016_geo.tif,8192,4320
BANER_OCT2016_geo.tif,8192,4320
BANER_JAN2016_geo.tif,8192,4320
BANER_DEC2015_geo.tif,8192,4320
BANER_OCT2015_geo.tif,8192,4320
BANER_JAN2015_geo.tif,8192,4320
BANER_NOV2014_geo.tif,8192,4320
BANER_FEB2014_geo.tif,8192,4320
BANER_JAN2014_geo.tif,8192,4320
BANER_MARCH2013_geo.tif,8192,4320
BANER_JAN2013_geo.tif,8192,4320
BANER_MAY2012_geo.tif,8192,4320
BANER_NOV2011_geo.tif,8192,4320
BANER_MAY2011_geo.tif,8192,4320